origin,date,horizon,actual,last_value,seasonal_naive,growth_adjusted_seasonal_naive,holt_winters,trend_seasonal
2024-03-01,2024-04-01,1,13303.99,13006.451612903225,8863.26,13715.382819246315,13504.265638965811,12663.683307709623
2024-03-01,2024-05-01,2,14035.84,13440.0,9415.19,14569.4626092363,14148.827057301009,13170.14308463328
2024-03-01,2024-06-01,3,13885.14,13006.451612903225,9335.06,14445.466063348418,14019.249963889177,12969.666641042957
2024-03-01,2024-07-01,4,14435.55,13440.0,9964.61,15419.658319229044,14886.693677015457,13700.433084633278
2024-03-01,2024-08-01,5,14963.05,13440.0,10586.02,16381.254395357677,15390.986769266989,14107.22308463328
2024-03-01,2024-09-01,6,15041.75,13006.451612903225,10555.69,16334.320472522542,15297.483543917697,13964.823307709625
2024-04-01,2024-05-01,1,14035.84,13747.456333333334,9415.19,14132.45167219511,13906.597923243706,13243.659778933285
2024-04-01,2024-06-01,2,13885.14,13303.99,9335.06,14012.174401901782,13751.814900752783,13040.81182907522
2024-04-01,2024-07-01,3,14435.55,13747.456333333334,9964.61,14957.145767347454,14577.318248649235,13773.949778933284
2024-04-01,2024-08-01,4,14963.05,13747.456333333334,10586.02,15889.898775371592,15049.715813515284,14180.739778933284
2024-04-01,2024-09-01,5,15041.75,13303.99,10555.69,15844.372635249334,14937.386101141592,14035.968495741889
2024-04-01,2024-10-01,6,16584.97,13747.456333333334,11408.79,17124.898521774157,15908.789900099642,14917.959778933284
2024-05-01,2024-06-01,1,13885.14,13583.070967741935,9335.06,13916.384964127114,13896.609674862575,13117.474431113937
2024-05-01,2024-07-01,2,14435.55,14035.84,9964.61,14854.896356037423,14746.607342482741,13853.167801039957
2024-05-01,2024-08-01,3,14963.05,14035.84,10586.02,15781.272917147713,15237.908485674554,14259.957801039958
2024-05-01,2024-09-01,4,15041.75,13583.070967741935,10555.69,15736.058000911293,15137.142977219903,14112.631097780602
2024-05-01,2024-10-01,5,16584.97,14035.84,11408.79,17007.830010185666,16132.713029379358,14997.177801039956
2024-05-01,2024-11-01,6,15482.02,13583.070967741935,11235.29,16749.182203821696,15862.420082536464,14692.774431113938
2024-06-01,2024-07-01,1,14435.55,14347.978,9964.61,14821.54425310603,14732.846159024819,13925.281839329256
2024-06-01,2024-08-01,2,14963.05,14347.978,10586.02,15745.840920444003,15222.304610731837,14332.071839329257
2024-06-01,2024-09-01,3,15041.75,13885.14,10555.69,15700.727520401584,15120.331966816657,14182.418876770247
2024-06-01,2024-10-01,4,16584.97,14347.978,11408.79,16969.6441566096,16113.664562280313,15069.291839329257
2024-06-01,2024-11-01,5,15482.02,13885.14,11235.29,16711.577064378806,15842.396487032585,14762.562210103582
2024-06-01,2024-12-01,6,16730.01,14347.978,12020.23,17879.111262509294,16747.206104189223,15563.678505995924
2024-07-01,2024-08-01,1,14963.05,14435.55,10586.02,15335.77541027697,14887.088264307004,14374.594186051816
2024-07-01,2024-09-01,2,15041.75,13969.887096774193,10555.69,15291.836888699107,14760.564140707584,14223.569534888855
2024-07-01,2024-10-01,3,16584.97,14435.55,11408.79,16527.70740495614,15706.761582695648,15111.814186051819
2024-07-01,2024-11-01,4,15482.02,13969.887096774193,11235.29,16276.361097875382,15415.939662531446,14803.712868222188
2024-07-01,2024-12-01,5,16730.01,14435.55,12020.23,17413.489456837746,16274.163026614888,15606.200852718483
2024-07-01,2025-01-01,6,16996.0,14435.55,12203.02,17678.294018631943,16454.168454302035,15753.214186051817
2024-08-01,2024-09-01,1,15041.75,14480.370967741934,10555.69,14920.179373787314,14841.173957320178,14267.375178607084
2024-08-01,2024-10-01,2,16584.97,14963.05,11408.79,16126.012912265418,15797.11306676732,15157.080017893984
2024-08-01,2024-11-01,3,15482.02,14480.370967741934,11235.29,15880.775403267706,15509.977071986776,14847.518511940416
2024-08-01,2024-12-01,4,16730.01,14963.05,12020.23,16990.2666442629,16377.93940795714,15651.466684560653
2024-08-01,2025-01-01,5,16996.0,14963.05,12203.02,17248.635314405223,16564.276364703655,15798.480017893986
2024-08-01,2025-02-01,6,16106.19,13515.012903225805,11685.336551724138,16516.903906310003,15426.464877857527,14701.611017274654
2024-09-01,2024-10-01,1,16584.97,15543.141666666666,11408.79,16257.408751346431,16025.792976199053,15214.236254711072
2024-09-01,2024-11-01,2,15482.02,15041.75,11235.29,16010.173030611926,15751.309436413318,14902.830999182757
2024-09-01,2024-12-01,3,16730.01,15543.141666666666,12020.23,17128.70448094819,16647.32846085411,15708.622921377739
2024-09-01,2025-01-01,4,16996.0,15543.141666666666,12203.02,17389.178356412514,16852.975409701805,15855.636254711073
2024-09-01,2025-02-01,5,16106.19,14038.966666666667,11685.336551724138,16651.484751531785,15704.05616234425,14753.23600536751
2024-09-01,2025-03-01,6,18301.51,15543.141666666666,13440.0,19151.86217101866,17851.68064117659,16746.93292137774
2024-10-01,2024-11-01,1,15482.02,16049.970967741936,11235.29,16332.752867858906,16368.295372966733,14991.265434362693
2024-10-01,2024-12-01,2,16730.01,16584.97,12020.23,17473.82096989251,17360.832862767777,15800.005171063669
2024-10-01,2025-01-01,3,16996.0,16584.97,12203.02,17739.54298478629,17640.042945974634,15947.018504397001
2024-10-01,2025-02-01,4,16106.19,14979.972903225807,11685.336551724138,16986.986012561214,16479.22024998062,14835.774811535446
2024-10-01,2025-03-01,5,18301.51,16584.97,13440.0,19537.74210937356,18778.658834257858,16838.315171063667
2024-10-01,2025-04-01,6,17893.42,16049.970967741936,13303.99,19340.02422958964,18653.451377933154,16865.580126286703
2024-11-01,2024-12-01,1,16730.01,15998.087333333333,12020.23,16563.65267515124,16307.141481069193,15831.69973676108
2024-11-01,2025-01-01,2,16996.0,15998.087333333333,12203.02,16815.53388478624,16454.17948028101,15978.713070094413
2024-11-01,2025-02-01,3,16106.19,14449.885333333332,11685.336551724138,16102.175751629384,15293.864474273376,14864.402161197624
2024-11-01,2025-03-01,4,18301.51,15998.087333333333,13440.0,18520.069246098676,17345.471715050568,16870.00973676108
2024-11-01,2025-04-01,5,17893.42,15482.019999999999,13303.99,18332.650003675913,17155.067611667168,16903.920326727115
2024-11-01,2025-05-01,6,18677.46,15998.087333333333,14035.84,19341.12564934238,17862.220799557505,17602.733004284684
2024-12-01,2025-01-01,1,16996.0,16730.01,12203.02,16984.420982809814,16912.037397034324,16031.554850284943
2024-12-01,2025-02-01,2,16106.19,15110.976774193547,11685.336551724138,16263.898225217848,15763.336070132062,14912.130220724554
2024-12-01,2025-03-01,3,18301.51,16730.01,13440.0,18706.07587375616,17923.808523444815,16922.85151695161
2024-12-01,2025-04-01,4,17893.42,16190.332258064514,13303.99,18516.77428301289,17795.279939240896,16967.841835022107
2024-12-01,2025-05-01,5,18677.46,16730.01,14035.84,19535.378570826015,18593.062264891323,17668.785229522848
2024-12-01,2025-06-01,6,18395.01,16190.332258064514,13885.14,19325.631127807035,18301.6243945673,17342.61683502211
2025-01-01,2025-02-01,1,16106.19,15351.225806451614,11685.336551724138,16274.986030761516,15794.21928177005,14960.525317842868
2025-01-01,2025-03-01,2,18301.51,16996.0,13440.0,18718.828617833944,17965.97156140457,16976.431803046886
2025-01-01,2025-04-01,3,17893.42,16447.74193548387,13303.99,18529.397971977425,17843.274068445437,17032.65669723414
2025-01-01,2025-05-01,4,18677.46,16996.0,14035.84,19548.696686557916,18650.169596793618,17735.760587141944
2025-01-01,2025-06-01,5,18395.01,16447.74193548387,13885.14,19338.806249600504,18364.029162459432,17407.431697234137
2025-01-01,2025-07-01,6,19467.95,16996.0,14435.55,20105.400777840234,19293.289497675938,18233.40558714194
2025-02-01,2025-03-01,1,18301.51,17831.853214285715,13440.0,18524.68627170699,18106.9250151568,17043.190459338
2025-02-01,2025-04-01,2,17893.42,17256.632142857143,13303.99,18337.220305946954,18011.0022211449,17113.41313629597
2025-02-01,2025-05-01,3,18677.46,17831.853214285715,14035.84,19345.947363085997,18855.425556605733,17819.208907505832
2025-02-01,2025-06-01,4,18395.01,17256.632142857143,13885.14,19138.233804964995,18592.952604442475,17488.18813629597
2025-02-01,2025-07-01,5,19467.95,17831.853214285715,14435.55,19896.877597435996,19560.4716842646,18316.853907505832
2025-02-01,2025-08-01,6,20008.31,17831.853214285715,14963.05,20623.943967103067,20096.129492127733,18753.821407505835
2025-03-01,2025-04-01,1,17893.42,17711.13870967742,13303.99,18116.302531614583,18098.806014356447,17189.521173029552
2025-03-01,2025-05-01,2,18677.46,18301.51,14035.84,19112.87694333333,18967.800828109303,17897.853878797203
2025-03-01,2025-06-01,3,18395.01,17711.13870967742,13885.14,18907.665815580356,18722.236833929448,17564.296173029554
2025-03-01,2025-07-01,4,19467.95,18301.51,14435.55,19657.169842299103,19714.886182385853,18395.498878797203
2025-03-01,2025-08-01,5,20008.31,18301.51,14963.05,20375.476875409222,20270.954532832726,18832.466378797206
2025-03-01,2025-09-01,6,19633.43,17711.13870967742,15041.75,20482.644199590773,20103.54177471281,18599.81617302955
2025-04-01,2025-05-01,1,18677.46,18489.86733333333,14035.84,18877.73368536807,18863.403133971056,17953.804811197428
2025-04-01,2025-06-01,2,18395.01,17893.42,13885.14,18675.04724363142,18599.24147267694,17618.44223664267
2025-04-01,2025-07-01,3,19467.95,18489.86733333333,14435.55,19415.330219054584,19565.383324391856,18451.449811197428
2025-04-01,2025-08-01,4,20008.31,18489.86733333333,14963.05,20124.800013454606,20099.372166393314,18888.417311197427
2025-04-01,2025-09-01,5,19633.43,17893.42,15041.75,20230.64887187979,19916.57250292115,18653.962236642674
2025-04-01,2025-10-01,6,20700.92,18489.86733333333,16584.97,22306.227973517718,21241.85184551755,19846.812311197427
2025-05-01,2025-06-01,1,18395.01,18074.96129032258,13885.14,18476.923856669782,18524.58043796095,17668.464484716576
2025-05-01,2025-07-01,2,19467.95,18677.46,14435.55,19209.353177508434,19471.472169794935,18503.13946754046
2025-05-01,2025-08-01,3,20008.31,18677.46,14963.05,19911.296214049176,19989.055588047722,18940.106967540458
2025-05-01,2025-09-01,4,19633.43,18074.96129032258,15041.75,20016.022123007955,19794.225079749795,18703.984484716573
2025-05-01,2025-10-01,5,20700.92,18677.46,16584.97,22069.581426989764,21099.5881257017,19898.501967540462
2025-05-01,2025-11-01,6,20466.98,18074.96129032258,15482.019999999999,20601.8883992123,20480.6864413057,19249.15948471657
2025-06-01,2025-07-01,1,19467.95,19008.176999999996,14435.55,19124.19223756476,19418.827462658828,18553.190380815544
2025-06-01,2025-08-01,2,20008.31,19008.176999999996,14963.05,19823.02334585751,19924.67789870738,18990.157880815543
2025-06-01,2025-09-01,3,19633.43,18395.01,15041.75,19927.284972819863,19720.663268235225,18752.420852402138
2025-06-01,2025-10-01,4,20700.92,19008.176999999996,16584.97,21971.740220098607,21012.229524799568,19948.552880815543
2025-06-01,2025-11-01,5,20466.98,18395.01,15482.019999999999,20510.553924569715,20385.51282980712,19297.595852402137
2025-06-01,2025-12-01,6,21634.67,19008.176999999996,16730.01,22163.888966917144,21537.391351825496,20355.602880815542
2025-07-01,2025-08-01,1,20008.31,19467.95,14963.05,20179.34261233552,19943.99422393283,19047.33035701457
2025-07-01,2025-09-01,2,19633.43,18839.951612903227,15041.75,20285.478344261217,19743.67438996353,18807.749055175394
2025-07-01,2025-10-01,3,20700.92,19467.95,16584.97,22366.68271811604,21040.403458277146,20005.72535701457
2025-07-01,2025-11-01,4,20466.98,18839.951612903227,15482.019999999999,20879.231567830808,20416.818932202357,19352.92405517539
2025-07-01,2025-12-01,5,21634.67,19467.95,16730.01,22562.285342747593,21573.908038572645,20412.775357014572
2025-07-01,2026-01-01,6,21703.44,19467.95,16996.0,22921.002538871053,21809.53734222461,20589.53285701457
2025-08-01,2025-09-01,1,19633.43,19362.88064516129,15041.75,20113.54616488617,19768.068116474606,18862.453778685
2025-08-01,2025-10-01,2,20700.92,20008.31,16584.97,22177.111023534642,21071.394985568808,20062.253571307832
2025-08-01,2025-11-01,3,20466.98,19362.88064516129,15482.019999999999,20702.2669566833,20452.28433340655,19407.628778684997
2025-08-01,2025-12-01,4,21634.67,20008.31,16730.01,22371.0557929767,21616.061359903644,20469.303571307835
2025-08-01,2026-01-01,5,21703.44,20008.31,16996.0,22726.732635391854,21857.11642604516,20646.06107130783
2025-08-01,2026-02-01,6,20394.18,18072.021935483874,16106.19,21536.895381549886,20309.989535278375,19160.80833137037
2025-09-01,2025-10-01,1,20700.92,20287.877666666667,16584.97,21647.73696857746,21016.88346782198,20106.51331734629
2025-09-01,2025-11-01,2,20466.98,19633.43,15482.019999999999,20208.097856206892,20387.45831469194,19450.46079098028
2025-09-01,2025-12-01,3,21634.67,20287.877666666667,16730.01,21837.052220273574,21536.909941354108,20513.56331734629
2025-09-01,2026-01-01,4,21703.44,20287.877666666667,16996.0,22184.238953579206,21766.0131948359,20690.320817346288
2025-09-01,2026-02-01,5,20394.18,18324.534666666666,16106.19,21022.803459152034,20217.146983374725,19200.7848761793
2025-09-01,2026-03-01,6,22641.11,20287.877666666667,18301.51,23888.27200819719,22857.335778776927,21685.17081734629
