fold,origin,date,horizon,actual,forecast,lower_95_mn,upper_95_mn,covered_95,interval_width_mn
1,2024-03-01,2024-04-01,1,13303.99,13504.265638965811,13366.085870946237,13722.060276393679,False,355.9744054474413
1,2024-03-01,2024-05-01,2,14035.84,14148.827057301009,13925.39905732466,14519.78410306105,True,594.3850457363915
1,2024-03-01,2024-06-01,3,13885.14,14019.249963889177,13718.97002346971,14504.970618622145,True,786.0005951524345
1,2024-03-01,2024-07-01,4,14435.55,14886.693677015457,14508.186650792413,15536.391626693225,False,1028.2049759008114
1,2024-03-01,2024-08-01,5,14963.05,15390.986769266989,14926.159605960578,16171.392132746676,True,1245.2325267860979
1,2024-03-01,2024-09-01,6,15041.75,15297.483543917697,14806.06987996441,16190.325507789872,True,1384.2556278254615
2,2024-04-01,2024-05-01,1,14035.84,13906.597923243706,13669.123290658868,14112.230018875816,True,443.1067282169479
2,2024-04-01,2024-06-01,2,13885.14,13751.814900752783,13484.177633198182,14099.184111176555,True,615.0064779783734
2,2024-04-01,2024-07-01,3,14435.55,14577.318248649235,14233.569648448954,15025.15919522779,True,791.5895467788359
2,2024-04-01,2024-08-01,4,14963.05,15049.715813515284,14634.179460611418,15634.794509445905,True,1000.6150488344865
2,2024-04-01,2024-09-01,5,15041.75,14937.386101141592,14472.95751145399,15612.796232678253,True,1139.8387212242633
2,2024-04-01,2024-10-01,6,16584.97,15908.789900099642,15396.646591829363,16746.00775036006,True,1349.3611585306953
3,2024-05-01,2024-06-01,1,13885.14,13896.609674862575,13645.302248821377,14102.539827344714,True,457.2375785233362
3,2024-05-01,2024-07-01,2,14435.55,14746.607342482741,14451.631990724463,15090.657474391795,False,639.0254836673321
3,2024-05-01,2024-08-01,3,14963.05,15237.908485674554,14898.2459699551,15727.237038536106,True,828.9910685810064
3,2024-05-01,2024-09-01,4,15041.75,15137.142977219903,14742.94851103501,15749.040402700059,True,1006.091891665048
3,2024-05-01,2024-10-01,5,16584.97,16132.713029379358,15666.04848359474,16877.59669749731,True,1211.548213902568
3,2024-05-01,2024-11-01,6,15482.02,15862.420082536464,15331.13470909785,16720.13957616051,True,1389.0048670626584
4,2024-06-01,2024-07-01,1,14435.55,14732.846159024819,14472.305803084942,14947.484594941916,False,475.1787918569735
4,2024-06-01,2024-08-01,2,14963.05,15222.304610731837,14951.763790648874,15562.683275529074,True,610.9194848801999
4,2024-06-01,2024-09-01,3,15041.75,15120.331966816657,14805.72404942745,15555.9509585819,True,750.2269091544495
4,2024-06-01,2024-10-01,4,16584.97,16113.664562280313,15756.994399030245,16667.14349300604,True,910.1490939757932
4,2024-06-01,2024-11-01,5,15482.02,15842.396487032585,15466.950120473974,16525.93224653103,True,1058.9821260570552
4,2024-06-01,2024-12-01,6,16730.01,16747.206104189223,16316.723185280647,17566.520160978118,True,1249.7969756974708
5,2024-07-01,2024-08-01,1,14963.05,14887.088264307004,14668.796198061234,15114.396063452583,True,445.59986539134843
5,2024-07-01,2024-09-01,2,15041.75,14760.564140707584,14484.08576454359,15099.146092271141,True,615.0603277275513
5,2024-07-01,2024-10-01,3,16584.97,15706.761582695648,15347.641472922216,16158.49202045988,False,810.8505475376642
5,2024-07-01,2024-11-01,4,15482.02,15415.939662531446,15005.258553420637,15961.71100218029,True,956.4524487596518
5,2024-07-01,2024-12-01,5,16730.01,16274.163026614888,15766.899007400976,16982.11841131287,True,1215.219403911893
5,2024-07-01,2025-01-01,6,16996.0,16454.168454302035,15896.900243019647,17306.155555569934,True,1409.2553125502873
6,2024-08-01,2024-09-01,1,15041.75,14841.173957320178,14573.868201818921,15027.200707705893,False,453.3325058869723
6,2024-08-01,2024-10-01,2,16584.97,15797.11306676732,15493.331743358929,16137.098349659636,False,643.7666063007073
6,2024-08-01,2024-11-01,3,15482.02,15509.977071986776,15153.582408143808,15958.70315006262,True,805.1207419188122
6,2024-08-01,2024-12-01,4,16730.01,16377.93940795714,15941.519710632774,16937.914621979962,True,996.3949113471881
6,2024-08-01,2025-01-01,5,16996.0,16564.276364703655,16046.505074831564,17225.63939526357,True,1179.1343204320056
6,2024-08-01,2025-02-01,6,16106.19,15426.464877857527,14921.219574866747,16126.817228942311,True,1205.5976540755637
7,2024-09-01,2024-10-01,1,16584.97,16025.792976199053,15755.975907362208,16257.11395836916,False,501.1380510069521
7,2024-09-01,2024-11-01,2,15482.02,15751.309436413318,15439.243121597774,16095.70517080368,True,656.4620492059057
7,2024-09-01,2024-12-01,3,16730.01,16647.32846085411,16248.522027332288,17110.298965138325,True,861.7769378060366
7,2024-09-01,2025-01-01,4,16996.0,16852.975409701805,16395.65091973415,17482.51302012433,True,1086.862100390179
7,2024-09-01,2025-02-01,5,16106.19,15704.05616234425,15226.03303948827,16382.434943471559,True,1156.4019039832892
7,2024-09-01,2025-03-01,6,18301.51,17851.68064117659,17278.956442565926,18723.704679366223,True,1444.7482368002966
8,2024-10-01,2024-11-01,1,15482.02,16368.295372966733,16159.806535304302,16602.52329470064,False,442.7167593963386
8,2024-10-01,2024-12-01,2,16730.01,17360.832862767777,17038.954599673056,17854.086433699642,False,815.1318340265861
8,2024-10-01,2025-01-01,3,16996.0,17640.042945974634,17204.106252094374,18299.157000960342,False,1095.0507488659678
8,2024-10-01,2025-02-01,4,16106.19,16479.22024998062,16056.753161157067,17196.353926459262,True,1139.6007653021952
8,2024-10-01,2025-03-01,5,18301.51,18778.658834257858,18223.950967008735,19764.278003899955,True,1540.32703689122
8,2024-10-01,2025-04-01,6,17893.42,18653.451377933154,18061.018218982204,19790.832053723345,False,1729.8138347411405
9,2024-11-01,2024-12-01,1,16730.01,16307.141481069193,15727.949798640837,16568.514399219323,False,840.5646005784856
9,2024-11-01,2025-01-01,2,16996.0,16454.17948028101,15914.83589368772,16920.0317276726,False,1005.1958339848788
9,2024-11-01,2025-02-01,3,16106.19,15293.864474273376,14688.536305443413,15792.344407775747,False,1103.8081023323339
9,2024-11-01,2025-03-01,4,18301.51,17345.471715050568,16584.3870056458,17987.035180867784,False,1402.6481752219843
9,2024-11-01,2025-04-01,5,17893.42,17155.067611667168,16284.091959386325,17879.339920031234,False,1595.2479606449087
9,2024-11-01,2025-05-01,6,18677.46,17862.220799557505,16922.19887748367,18682.118137271707,True,1759.9192597880392
10,2024-12-01,2025-01-01,1,16996.0,16912.037397034324,16644.899592798465,17180.006103423468,True,535.1065106250026
10,2024-12-01,2025-02-01,2,16106.19,15763.336070132062,15488.439579889073,16116.300279700019,True,627.8606998109462
10,2024-12-01,2025-03-01,3,18301.51,17923.808523444815,17569.62125486437,18437.303845210827,True,867.682590346456
10,2024-12-01,2025-04-01,4,17893.42,17795.279939240896,17340.289385299984,18457.203395067136,True,1116.9140097671516
10,2024-12-01,2025-05-01,5,18677.46,18593.062264891323,18035.260116919864,19497.41632281618,True,1462.1562058963173
10,2024-12-01,2025-06-01,6,18395.01,18301.6243945673,17598.68087634237,19425.981712817607,True,1827.3008364752386
11,2025-01-01,2025-02-01,1,16106.19,15794.21928177005,15554.578198148121,16038.359169998988,False,483.780971850867
11,2025-01-01,2025-03-01,2,18301.51,17965.97156140457,17660.172472460974,18411.83640420588,True,751.6639317449044
11,2025-01-01,2025-04-01,3,17893.42,17843.274068445437,17466.121695247457,18352.128764708545,True,886.0070694610877
11,2025-01-01,2025-05-01,4,18677.46,18650.169596793618,18184.20803677446,19337.05698576878,True,1152.8489489943204
11,2025-01-01,2025-06-01,5,18395.01,18364.029162459432,17809.52273083316,19286.311403627948,True,1476.788672794788
11,2025-01-01,2025-07-01,6,19467.95,19293.289497675938,18597.37969498678,20456.757165191237,True,1859.3774702044575
12,2025-02-01,2025-03-01,1,18301.51,18106.9250151568,17849.59675714058,18384.068417795163,True,534.4716606545808
12,2025-02-01,2025-04-01,2,17893.42,18011.0022211449,17725.54799314284,18396.291907455958,True,670.743914313116
12,2025-02-01,2025-05-01,3,18677.46,18855.425556605733,18506.61463257771,19428.100425098957,True,921.4857925212455
12,2025-02-01,2025-06-01,4,18395.01,18592.952604442475,18142.733044957764,19298.772922647713,True,1156.0398776899492
12,2025-02-01,2025-07-01,5,19467.95,19560.4716842646,18992.491076101156,20523.501530830974,True,1531.0104547298179
12,2025-02-01,2025-08-01,6,20008.31,20096.129492127733,19417.223813243265,21303.32764531557,True,1886.1038320723055
13,2025-03-01,2025-04-01,1,17893.42,18098.806014356447,17854.70193377676,18572.315480792917,True,717.6135470161571
13,2025-03-01,2025-05-01,2,18677.46,18967.800828109303,18673.0446969499,19412.782634307187,True,739.7379373572876
13,2025-03-01,2025-06-01,3,18395.01,18722.236833929448,18373.74960581365,19283.369003205094,True,909.6193973914451
13,2025-03-01,2025-07-01,4,19467.95,19714.886182385853,19220.781127924925,20482.82653534213,True,1262.0454074172048
13,2025-03-01,2025-08-01,5,20008.31,20270.954532832726,19676.15986398881,21288.685254654727,True,1612.5253906659163
13,2025-03-01,2025-09-01,6,19633.43,20103.54177471281,19418.336328001846,21325.15358960779,True,1906.8172616059455
14,2025-04-01,2025-05-01,1,18677.46,18863.403133971056,18607.18612097515,19144.755258913538,True,537.5691379383861
14,2025-04-01,2025-06-01,2,18395.01,18599.24147267694,18312.833772652048,18976.820205091994,True,663.9864324399459
14,2025-04-01,2025-07-01,3,19467.95,19565.383324391856,19222.322183302644,20099.64711525166,True,877.3249319490169
14,2025-04-01,2025-08-01,4,20008.31,20099.372166393314,19672.49295190236,20806.705089403087,True,1134.2121375007264
14,2025-04-01,2025-09-01,5,19633.43,19916.57250292115,19386.336988359802,20808.394976507247,True,1422.0579881474441
14,2025-04-01,2025-10-01,6,20700.92,21241.85184551755,20563.319710291038,22413.310753371752,True,1849.991043080714
15,2025-05-01,2025-06-01,1,18395.01,18524.58043796095,18274.19763595303,18798.758361530345,True,524.5607255773139
15,2025-05-01,2025-07-01,2,19467.95,19471.472169794935,19179.545307748398,19867.722588090637,True,688.1772803422391
15,2025-05-01,2025-08-01,3,20008.31,19989.055588047722,19602.469353814235,20502.590859970634,True,900.1215061563998
15,2025-05-01,2025-09-01,4,19633.43,19794.225079749795,19342.881440330133,20445.193197382916,True,1102.311757052783
15,2025-05-01,2025-10-01,5,20700.92,21099.5881257017,20536.463188065733,21986.68473718166,True,1450.2215491159259
15,2025-05-01,2025-11-01,6,20466.98,20480.6864413057,19787.32609165,21551.793591134134,True,1764.4674994841334
16,2025-06-01,2025-07-01,1,19467.95,19418.827462658828,19158.195710637177,19700.853532133428,True,542.6578214962501
16,2025-06-01,2025-08-01,2,20008.31,19924.67789870738,19626.01330645571,20270.02828327349,True,644.0149768177798
16,2025-06-01,2025-09-01,3,19633.43,19720.663268235225,19373.612720228666,20211.04421394823,True,837.4314937195632
16,2025-06-01,2025-10-01,4,20700.92,21012.229524799568,20546.226047840373,21656.06059750223,True,1109.8345496618567
16,2025-06-01,2025-11-01,5,20466.98,20385.51282980712,19814.787582720903,21243.484068788683,True,1428.69648606778
16,2025-06-01,2025-12-01,6,21634.67,21537.391351825496,20786.756751549776,22649.12947663589,True,1862.3727250861157
17,2025-07-01,2025-08-01,1,20008.31,19943.99422393283,19674.191314776475,20406.552914232852,True,732.361599456377
17,2025-07-01,2025-09-01,2,19633.43,19743.67438996353,19468.171623872182,20112.497985654696,True,644.3263617825141
17,2025-07-01,2025-10-01,3,20700.92,21040.403458277146,20683.84810041656,21539.925550611264,True,856.0774501947053
17,2025-07-01,2025-11-01,4,20466.98,20416.818932202357,19985.44852751464,21083.587026372257,True,1098.1384988576174
17,2025-07-01,2025-12-01,5,21634.67,21573.908038572645,21065.43461745644,22444.49006335075,True,1379.055445894308
17,2025-07-01,2026-01-01,6,21703.44,21809.53734222461,21155.601746751323,22895.099009498685,True,1739.4972627473617
18,2025-08-01,2025-09-01,1,19633.43,19768.068116474606,19507.839441665565,20031.16837747833,True,523.3289358127658
18,2025-08-01,2025-10-01,2,20700.92,21071.394985568808,20756.58412032028,21465.898588208765,False,709.3144678884855
18,2025-08-01,2025-11-01,3,20466.98,20452.28433340655,20092.954009200494,20911.111708882967,True,818.1576996824733
18,2025-08-01,2025-12-01,4,21634.67,21616.061359903644,21130.832241934382,22308.84543127483,True,1178.0131893404468
18,2025-08-01,2026-01-01,5,21703.44,21857.11642604516,21280.233098211233,22721.9434407208,True,1441.7103425095665
18,2025-08-01,2026-02-01,6,20394.18,20309.989535278375,19669.10874372356,21299.749317086924,True,1630.6405733633655
19,2025-09-01,2025-10-01,1,20700.92,21016.88346782198,20745.953238022867,21286.214939088746,False,540.2617010658796
19,2025-09-01,2025-11-01,2,20466.98,20387.45831469194,20114.07500089499,20749.52369663291,True,635.4486957379195
19,2025-09-01,2025-12-01,3,21634.67,21536.909941354108,21181.282268356706,22028.36170294416,True,847.0794345874529
19,2025-09-01,2026-01-01,4,21703.44,21766.0131948359,21314.338173734082,22405.768985212686,True,1091.4308114786036
19,2025-09-01,2026-02-01,5,20394.18,20217.146983374725,19720.92804381338,20982.24131384095,True,1261.313270027571
19,2025-09-01,2026-03-01,6,22641.11,22857.335778776927,22176.253366860146,23918.305444681653,True,1742.0520778215068
