month,volume_mn,avg_daily_volume_mn,value_cr,avg_daily_value_cr,source_file,date,financial_year,month_number,month_name,avg_ticket_size,mom_growth_pct,yoy_growth_pct,value_mom_growth_pct,value_yoy_growth_pct
June-2021,2807.52,93.5839,547373.16,18245.772,Product-Statistics-UPI-Upi-monthly-statistics-2021-22-monthly.xlsx,2021-06-01,2021-22,6,June,1949.6678919473416,,,,
July-2021,3247.82,104.7682,605883.2,19544.6194,Product-Statistics-UPI-Upi-monthly-statistics-2021-22-monthly.xlsx,2021-07-01,2021-22,7,July,1865.507324913326,15.682880264432676,,10.689241686603701,
August-2021,3555.55,114.695,639116.95,20616.6758,Product-Statistics-UPI-Upi-monthly-statistics-2021-22-monthly.xlsx,2021-08-01,2021-22,8,August,1797.5192304987972,9.474970903559932,,5.485174370241652,
September-2021,3654.3,121.8099,654648.28,21821.6093,Product-Statistics-UPI-Upi-monthly-statistics-2021-22-monthly.xlsx,2021-09-01,2021-22,9,September,1791.4464603344006,2.7773480896063907,,2.430123313111965,
October-2021,4218.64,136.0853,771406.99,24884.0965,Product-Statistics-UPI-Upi-monthly-statistics-2021-22-monthly.xlsx,2021-10-01,2021-22,10,October,1828.5679508087912,15.443176531757107,,17.8353344180481,
November-2021,4186.48,139.5493,768436.09,25614.5363,Product-Statistics-UPI-Upi-monthly-statistics-2021-22-monthly.xlsx,2021-11-01,2021-22,11,November,1835.5183590988133,-0.7623309881857887,,-0.38512744096342866,
December-2021,4566.3,147.3,826848.23,26672.5235,Product-Statistics-UPI-Upi-monthly-statistics-2021-22-monthly.xlsx,2021-12-01,2021-22,12,December,1810.7619516895516,9.072538266037355,,7.601431109254642,
January-2022,4617.16,148.9405,831993.09,26838.4868,Product-Statistics-UPI-Upi-monthly-statistics-2021-22-monthly.xlsx,2022-01-01,2021-22,1,January,1801.958541614326,1.1138120579024413,,0.6222254354949719,
February-2022,4527.49,161.696,826843.02,29530.1079,Product-Statistics-UPI-Upi-monthly-statistics-2021-22-monthly.xlsx,2022-02-01,2021-22,2,February,1826.272437929184,-1.9421029377366228,,-0.6190039390831847,
March-2022,5405.65,174.3758,960581.67,30986.5055,Product-Statistics-UPI-Upi-monthly-statistics-2021-22-monthly.xlsx,2022-03-01,2021-22,3,March,1776.99568044546,19.396177573004024,,16.17461195959542,
June-2022,5862.75,195.425,1014412.63,33813.7543,Product-Statistics-UPI-Upi-monthly-statistics-2022-23-monthly.xlsx,2022-06-01,2022-23,6,June,1730.2675877361307,8.455967367476624,,5.603996170362069,
July-2022,6288.4,202.8516,1063117.04,34294.0981,Product-Statistics-UPI-Upi-monthly-statistics-2022-23-monthly.xlsx,2022-07-01,2022-23,7,July,1690.6002162712298,7.260244765681634,,4.801242468757505,
August-2022,6579.63,212.2461,1073162.17,34618.1345,Product-Statistics-UPI-Upi-monthly-statistics-2022-23-monthly.xlsx,2022-08-01,2022-23,8,August,1631.0372619736975,4.631225748998169,134.3573687809882,0.9448752698009599,96.05677596614343
September-2022,6780.8,226.0267,1116438.09,37214.603,Product-Statistics-UPI-Upi-monthly-statistics-2022-23-monthly.xlsx,2022-09-01,2022-23,9,September,1646.4695758612556,3.057466757249272,108.78004322899666,4.032561080679931,84.26622325887236
October-2022,7305.42,235.6587,1211587.5,39083.4677,Product-Statistics-UPI-Upi-monthly-statistics-2022-23-monthly.xlsx,2022-10-01,2022-23,10,October,1658.477541332326,7.736845210004728,105.46525853946646,8.522587222010669,89.57211195853904
November-2022,7309.46,243.6485,1190593.39,39686.4465,Product-Statistics-UPI-Upi-monthly-statistics-2022-23-monthly.xlsx,2022-11-01,2022-23,11,November,1628.83905240606,0.055301406353081006,100.0235339189448,-1.7327770383897212,81.8676419649342
December-2022,7829.49,252.5642,1281970.86,41353.8987,Product-Statistics-UPI-Upi-monthly-statistics-2022-23-monthly.xlsx,2022-12-01,2022-23,12,December,1637.3618971350627,7.114479044963651,85.59275027022926,7.674951899405413,66.18605698659796
January-2023,8036.89,259.2544,1299058.78,41905.1219,Product-Statistics-UPI-Upi-monthly-statistics-2022-23-monthly.xlsx,2023-01-01,2022-23,1,January,1616.3699888887368,2.648959255328265,91.97249240411995,1.3329413743460528,69.05228644323564
February-2023,7534.76,269.0985,1235846.58,44137.3779,Product-Statistics-UPI-Upi-monthly-statistics-2022-23-monthly.xlsx,2023-02-01,2022-23,2,February,1640.1936889827946,-6.247814764168725,65.00799334253115,-4.865999981925373,49.46474276180044
March-2023,8685.3,280.1709,1404950.59,45320.9869,Product-Statistics-UPI-Upi-monthly-statistics-2022-23-monthly.xlsx,2023-03-01,2022-23,3,March,1617.618953864576,15.269763071418318,88.10914068388358,13.68325265746173,68.86565608375427
June-2023,9335.06,311.1688,1475464.26,49182.142,Product-Statistics-UPI-Upi-monthly-statistics-2023-24-monthly.xlsx,2023-06-01,2023-24,6,June,1580.5621602860615,7.481146304675712,106.1862091357463,5.0189430505168,78.44551194252082
July-2023,9964.26,321.4276,1533536.44,49468.9174,Product-Statistics-UPI-Upi-monthly-statistics-2023-24-monthly.xlsx,2023-07-01,2023-24,7,July,1539.036958088207,6.740181637825571,84.33046904627568,3.9358581278003957,59.64664826469153
August-2023,10586.02,341.4844,1576536.54,50856.0174,Product-Statistics-UPI-Upi-monthly-statistics-2023-24-monthly.xlsx,2023-08-01,2023-24,8,August,1489.2627635315257,6.239901407630866,80.5640697624835,2.803982929808968,55.41373336410451
September-2023,10555.69,351.8562,1579133.18,52637.7727,Product-Statistics-UPI-Upi-monthly-statistics-2023-24-monthly.xlsx,2023-09-01,2023-24,9,September,1496.0018530290295,-0.2865099442472263,67.85970994211566,0.1647053483454286,48.53803679038009
October-2023,11408.79,368.0255,1715768.34,55347.3658,Product-Statistics-UPI-Upi-monthly-statistics-2023-24-monthly.xlsx,2023-10-01,2023-24,10,October,1503.9003610374107,8.08189706215321,73.395616470835,8.652541896434606,59.87968901289171
November-2023,11235.29,374.5097,1739740.61,57991.3537,Product-Statistics-UPI-Upi-monthly-statistics-2023-24-monthly.xlsx,2023-11-01,2023-24,11,November,1548.4607962945327,-1.5207572406889747,65.69269112789051,1.3971740497321417,55.82956418120774
December-2023,12020.23,387.7492,1822949.45,58804.821,Product-Statistics-UPI-Upi-monthly-statistics-2023-24-monthly.xlsx,2023-12-01,2023-24,12,December,1516.5678610143068,6.986379523804009,64.53852071475698,4.782830240423008,50.45957885831604
January-2024,12203.02,393.6457,1841083.97,59389.8055,Product-Statistics-UPI-Upi-monthly-statistics-2023-24-monthly.xlsx,2024-01-01,2023-24,1,January,1508.7117533200797,1.5206863762174283,66.94831081913028,0.9947900639811991,54.63582995366707
February-2024,12102.67,417.3336,1827869.35,63029.9776,Product-Statistics-UPI-Upi-monthly-statistics-2023-24-monthly.xlsx,2024-02-01,2023-24,2,February,1510.302561335639,-0.8223374213924162,54.57801210551389,-0.7177630252247491,42.582753402054706
March-2024,13440.0,433.5485,1978353.23,63817.8461,Product-Statistics-UPI-Upi-monthly-statistics-2023-24-monthly.xlsx,2024-03-01,2023-24,3,March,1471.9890104166666,11.049875771214124,67.2288658921548,8.232748144718327,52.29127892118939
June-2024,13885.14,462.8381,2007081.2,66902.7067,Product-Statistics-UPI-Upi-monthly-statistics-2024-25-monthly.xlsx,2024-06-01,2024-25,6,June,1445.4886302910882,3.3120535714285637,84.2811184430559,1.4521153029886325,62.4053691195229
July-2024,14435.55,465.663,2064292.41,66590.0777,Product-Statistics-UPI-Upi-monthly-statistics-2024-25-monthly.xlsx,2024-07-01,2024-25,7,July,1430.0060683520892,3.9640219688098277,66.2066940692895,2.8504681325299597,46.92989381213752
August-2024,14963.05,482.6789,2060735.57,66475.341,Product-Statistics-UPI-Upi-monthly-statistics-2024-25-monthly.xlsx,2024-08-01,2024-25,8,August,1377.2162560440552,3.6541732043462227,60.28873944034638,-0.17230310893793233,39.66692558178264
September-2024,15041.75,501.3916,2063994.71,68799.8237,Product-Statistics-UPI-Upi-monthly-statistics-2024-25-monthly.xlsx,2024-09-01,2024-25,9,September,1372.1772466634534,0.5259622871005565,50.95702039087699,0.15815420704363703,34.59052267450522
October-2024,16584.97,534.9989,2349821.46,75800.6923,Product-Statistics-UPI-Upi-monthly-statistics-2024-25-monthly.xlsx,2024-10-01,2024-25,10,October,1416.83793217594,10.259577509265894,56.66860633174697,13.848230744738688,49.04960337931652
November-2024,15482.02,516.0674,2155187.41,71839.5803,Product-Statistics-UPI-Upi-monthly-statistics-2024-25-monthly.xlsx,2024-11-01,2024-25,11,November,1392.0582779249735,-6.650298432858193,46.66990030969078,-8.282929291147079,36.47914167695472
December-2024,16730.01,539.6777,2324699.94,74990.3206,Product-Statistics-UPI-Upi-monthly-statistics-2024-25-monthly.xlsx,2024-12-01,2024-25,12,December,1389.5388825230827,8.060899029971536,46.64140544264552,7.865326663169392,35.49031566813967
January-2025,16996.01,548.2583,2348037.11,75743.1326,Product-Statistics-UPI-Upi-monthly-statistics-2024-25-monthly.xlsx,2025-01-01,2024-25,1,January,1381.522551469433,1.589957208632864,51.27344287508375,1.0038788059675285,34.96478133024667
February-2025,16106.19,575.2212,2196481.7,78445.775,Product-Statistics-UPI-Upi-monthly-statistics-2024-25-monthly.xlsx,2025-02-01,2024-25,2,February,1363.750024059073,-5.235464088336017,33.99236121105837,-6.4545576964922695,20.49054349806574
March-2025,18301.51,590.3712,2477221.59,79910.3739,Product-Statistics-UPI-Upi-monthly-statistics-2024-25-monthly.xlsx,2025-03-01,2024-25,3,March,1353.5613127004274,13.630287485743043,49.975252027776705,12.781344365400349,34.55234146653288
June-2025,18395.01,613.1669,2403930.69,80131.023,Product-Statistics-UPI-Upi-monthly-statistics-2025-26-monthly.xlsx,2025-06-01,2025-26,6,June,1306.8384795659258,0.5108868066077576,51.99133744867868,-2.958592816075045,31.515454865524163
July-2025,19467.95,627.9983,2508498.1,80919.2935,Product-Statistics-UPI-Upi-monthly-statistics-2025-26-monthly.xlsx,2025-07-01,2025-26,7,July,1288.5270919639715,5.832777476065543,44.85081845238095,4.349851284605877,26.797280786909838
August-2025,20008.31,645.4294,2485472.9,80176.5452,Product-Statistics-UPI-Upi-monthly-statistics-2025-26-monthly.xlsx,2025-08-01,2025-26,8,August,1242.2203074622494,2.7756389347620036,44.09872712842653,-0.9178878788068556,23.835194111728008
September-2025,19633.43,654.4478,2489736.52,82991.2173,Product-Statistics-UPI-Upi-monthly-statistics-2025-26-monthly.xlsx,2025-09-01,2025-26,9,September,1268.1108293354753,-1.873621510262491,36.007495384658014,0.17154160079557723,20.60968242381902
October-2025,20700.92,667.7716,2727790.71,87993.2487,Product-Statistics-UPI-Upi-monthly-statistics-2025-26-monthly.xlsx,2025-10-01,2025-26,10,October,1317.7147247561945,5.437103959929557,38.34692793247365,9.561420981204872,32.3697591147029
November-2025,20466.98,682.2326,2631632.64,87721.088,Product-Statistics-UPI-Upi-monthly-statistics-2025-26-monthly.xlsx,2025-11-01,2025-26,11,November,1285.7943086864796,-1.1300947011050666,36.06781125866338,-3.5251263833213864,27.501908180762747
December-2025,21634.67,697.8925,2796712.71,90216.539,Product-Statistics-UPI-Upi-monthly-statistics-2025-26-monthly.xlsx,2025-12-01,2025-26,12,December,1292.6995003852612,5.705238388858547,30.4474472971612,6.272914672467356,19.018093825732606
January-2026,21703.46,700.1116,2833481.26,91402.6213,Product-Statistics-UPI-Upi-monthly-statistics-2025-26-monthly.xlsx,2026-01-01,2025-26,1,January,1305.5435677076375,0.317961863989602,40.18493710769007,1.3147060071107441,31.47261564598689
February-2026,20394.2,728.3643,2684229.3,95865.3321,Product-Statistics-UPI-Upi-monthly-statistics-2025-26-monthly.xlsx,2026-02-01,2025-26,2,February,1316.172882486197,-6.03249435804244,21.901899640227374,-5.26744122528624,15.465624350642004
March-2026,22641.14,730.3594,2952542.03,95243.2913,Product-Statistics-UPI-Upi-monthly-statistics-2025-26-monthly.xlsx,2026-03-01,2025-26,3,March,1304.0606745066723,11.01754420374419,33.21444268390052,9.995894538518012,25.745117801822136
April-2026,22346.8,744.8932,2902988.05,96766.2683,Product-Statistics-UPI-Upi-monthly-statistics-2026-27-monthly.xlsx,2026-04-01,2026-27,4,April,1299.0620804768469,-1.3000228787066415,38.7466557888613,-1.6783496897417538,32.16536472851104
May-2026,23201.95,748.45,2990424.18,96465.2961,Product-Statistics-UPI-Upi-monthly-statistics-2026-27-monthly.xlsx,2026-05-01,2026-27,5,May,1288.867608110525,3.8267223942577866,26.776151257464555,3.011935581340075,20.716862474947195
June-2026,22716.08,757.2027,2892138.66,96404.622,Product-Statistics-UPI-Upi-monthly-statistics-2026-27-monthly.xlsx,2026-06-01,2026-27,6,June,1273.1680201865815,-2.094091229400974,23.49044659394044,-3.2866748689812986,20.308737353821126
July-2026,23658.35,763.1726,2987880.48,96383.2413,Product-Statistics-UPI-Upi-monthly-statistics-2026-27-monthly.xlsx,2026-07-01,2026-27,7,July,1262.9285136114734,4.148030822219306,21.524608394823264,3.310415967400404,19.11033458626099
August-2026,24508.95,790.6113,2982355.93,96205.03,Product-Statistics-UPI-Upi-monthly-statistics-2026-27-monthly.xlsx,2026-08-01,2026-27,8,August,1216.8436142715213,3.5953479426925394,22.493853803744535,-0.18489862753813258,19.991488541275192
September-2026,24068.38,802.2794,2937396.69,97913.223,Product-Statistics-UPI-Upi-monthly-statistics-2026-27-monthly.xlsx,2026-09-01,2026-27,9,September,1220.4380560719082,-1.7975882279738564,22.588768238662315,-1.5075075227523271,17.980222662275924
